COUNTY NUMBER,PRECINCT CODE,PRECINCT NAME,REGISTERED VOTERS TOTAL,BALLOTS CAST TOTAL,BALLOTS CAST - Republican Party,BALLOTS CAST - Democratic Party,BALLOTS CAST - Libertarian Party,BALLOTS CAST - NONPARTISAN,REP For State Auditor,REP For State Auditor,DEM For State Auditor,DEM For State Auditor,LIB For State Auditor,REP For U.S. Representative District 3,REP For U.S. Representative District 3,DEM For U.S. Representative District 3,DEM For U.S. Representative District 3,DEM For U.S. Representative District 3,LIB For U.S. Representative District 3,REP For U.S. Representative District 5,REP For U.S. Representative District 5,REP For U.S. Representative District 5,REP For U.S. Representative District 5,REP For U.S. Representative District 5,REP For U.S. Representative District 5,DEM For U.S. Representative District 5,LIB For U.S. Representative District 5,REP For State Representative District 44,DEM For State Representative District 44,DEM For State Representative District 45,DEM For State Representative District 46,DEM For State Representative District 47,DEM For State Representative District 50,REP For Circuit Judge Circuit 13 Division 4,DEM For Associate Circuit Judge Circuit 13 Division 5,REP For Associate Circuit Judge Circuit 13 Division 9,DEM For Associate Circuit Judge Circuit 13 Division 9,DEM For Associate Circuit Judge Circuit 13 Division 9,DEM For Associate Circuit Judge Circuit 13 Division 10,DEM For Associate Circuit Judge Circuit 13 Division 11,DEM For Presiding Commissioner,DEM For County Auditor,DEM For County Auditor,DEM For Circuit Clerk,DEM For County Clerk,DEM For Collector of Revenue,DEM For Prosecuting Attorney,DEM For Recorder of Deeds,Constitutional Amendment No. 1,Constitutional Amendment No. 1,Constitutional Amendment No. 2,Constitutional Amendment No. 2,Constitutional Amendment No. 4,Constitutional Amendment No. 4,Constitutional Amendment No. 5,Constitutional Amendment No. 5,"Columbia Council Member, Fourth Ward","Columbia Council Member, Fourth Ward","Columbia Council Member, Fourth Ward","Columbia Council Member, Fourth Ward",Columbia Proposition 1,Columbia Proposition 1,
,,,,,REP,DEM,LIB,NON,REP,REP,DEM,DEM,LIB,REP,REP,DEM,DEM,DEM,LIB,REP,REP,REP,REP,REP,REP,DEM,LIB,REP,DEM,DEM,DEM,DEM,DEM,REP,DEM,REP,DEM,DEM,DEM,DEM,DEM,DEM,DEM,DEM,DEM,DEM,DEM,DEM,NON,NON,NON,NON,NON,NON,NON,NON,NON,NON,NON,NON,NON,NON,
,,,VOTERS,BALLOTS CAST,BALLOTS CAST,BALLOTS CAST,BALLOTS CAST,BALLOTS CAST,Scott Fitzpatrick,Gerald (Jerry) Wistrand Jr.,Quentin Wilson,Gregory Upchurch,Dustin Coffell,John G Fraser,Bob Onder,Bethany E Mann,Paul T. Wilson,Tommy Holstein,Jim Higgins,Brad Patty,Brett Hueffmeier,Taylor Burks,Rick Brattin,Berton A. Knox,Micah Beebe,"Emanuel Cleaver, II",Randall (Randy) Langkraehr,John Martin,Bekki Brewer,Kathy Steinhoff,David Tyson Smith,Adrian Plank,Gregg Bush,Josh Devine,Kimberly Shaw,James Egan,Bill Ellis,Spencer S. Smith,Kayla I. Jackson-Williams,Roger Johnson,Kip Kendrick,Allen Bel-Long,Kyle Rieman,Sherry Terrell,Brianna L. Lennon,Brian C. McCollum,"Melissa ""Mel"" Buchanan",Bob Nolte,YES,NO,YES,NO,YES,NO,YES,NO,Dave Sorrell,Ryan King,Sharon Jones,Certified Write-in,YES,NO,
,0001,1A,1007,228,21,176,1,30,20,0,101,34,1,9,10,97,27,24,1,0,0,0,0,0,0,0,0,0,0,137,8,0,0,18,135,18,83,54,140,128,141,47,84,133,150,136,134,136,203,21,133,86,19,209,13,214,0,0,0,0,84,138,
,0002,1B&1E&1H&1K&6A&6B&6L,7638,502,51,371,4,76,29,9,203,66,3,25,22,231,22,40,3,0,0,0,0,0,0,0,0,0,0,294,0,0,0,34,283,30,158,136,282,279,290,74,193,277,288,276,278,280,473,26,324,140,34,465,29,471,0,0,0,0,211,270,
,0003,1C&1G,2114,950,82,752,9,107,55,13,423,121,6,23,45,490,49,69,6,0,0,0,0,0,0,0,0,0,0,619,0,0,0,59,587,60,351,276,599,573,589,132,448,579,619,582,581,588,886,59,532,326,49,898,47,897,0,0,0,0,413,519,
,0004,1D,1305,309,25,255,4,25,18,5,153,39,3,10,14,161,25,26,3,0,0,0,0,0,0,0,0,0,0,191,4,0,0,23,189,23,106,99,198,190,197,63,131,192,198,184,191,190,250,53,180,106,31,275,21,285,0,0,0,0,117,185,
,0005,1F&1I&1J,1675,462,53,345,8,56,31,11,203,74,5,13,29,224,38,31,6,0,0,0,0,0,0,0,0,0,0,284,0,4,0,39,280,38,166,130,279,269,281,92,186,277,285,273,271,267,417,41,285,146,31,430,20,441,0,0,0,0,205,249,
,0006,2A&2F,1894,824,154,532,7,131,107,26,335,101,4,51,80,373,38,48,4,0,0,0,0,0,0,0,0,0,0,0,447,0,0,115,439,111,279,190,445,435,447,128,306,431,455,436,435,432,733,87,510,258,67,757,62,759,0,0,0,0,396,415,
,0007,2B&2I,2147,609,133,373,11,92,97,18,222,88,10,43,73,239,34,49,10,0,0,0,0,0,0,0,0,0,0,0,324,0,0,93,314,89,190,134,322,315,317,98,208,316,323,314,311,315,515,87,399,171,66,538,57,546,0,0,0,0,276,321,
,0008,2C&2G,2773,934,264,507,11,152,186,34,271,126,9,89,141,294,66,51,9,0,0,0,0,0,0,0,0,0,0,0,411,0,0,191,395,184,227,196,408,391,396,119,286,387,410,397,389,393,774,150,658,223,130,802,130,801,0,0,0,0,426,494,
,0009,2D&2K&20,2953,1196,412,642,11,131,295,48,361,143,6,54,125,267,49,47,2,31,12,71,59,1,4,166,4,0,0,0,359,171,0,296,522,284,288,246,522,510,523,132,378,516,536,518,511,513,1022,158,838,287,182,1011,156,1035,0,0,0,0,387,345,
,0010,2E&2H,3105,1189,332,670,10,177,258,33,391,150,8,96,196,426,57,85,8,0,0,0,0,0,0,0,0,0,0,0,554,0,0,264,552,256,331,245,556,540,560,138,394,545,560,542,540,537,1023,152,822,294,171,1014,137,1050,0,0,0,0,580,593,
,0011,2J,1962,894,304,469,5,116,223,29,280,109,4,63,120,231,37,32,3,11,9,35,25,0,4,90,1,0,0,63,0,334,0,233,400,227,272,133,398,387,395,78,311,393,398,388,391,390,770,110,618,221,129,760,107,784,0,0,0,0,472,409,
,0012,3A&3G&3K,2690,945,271,525,15,134,183,49,314,118,13,109,129,329,61,54,12,0,0,0,0,0,0,0,0,0,0,0,435,0,0,216,424,212,276,170,426,418,433,125,301,416,439,419,419,422,809,129,652,248,140,798,102,839,0,0,0,0,435,495,
,0013,3B&3D,2962,846,120,602,8,116,94,17,351,111,8,30,79,395,42,66,7,0,0,0,0,0,0,0,0,0,0,362,122,0,0,96,463,100,308,197,476,457,487,113,346,465,491,463,463,462,768,73,531,263,69,775,64,778,0,0,0,0,353,476,
,0014,3C&3I&3M,2382,569,141,340,7,81,103,21,213,71,7,42,84,211,44,31,7,0,0,0,0,0,0,0,0,0,0,0,277,0,0,111,270,111,166,113,277,262,267,99,165,274,272,268,269,269,456,100,369,164,75,490,69,497,0,0,0,0,261,299,
,0015,3E&3H&3L,2781,1031,308,558,10,155,228,43,322,117,7,84,194,339,63,61,7,0,0,0,0,0,0,0,0,27,17,24,398,0,24,219,451,215,318,154,471,455,468,115,316,453,464,447,456,454,898,119,698,286,163,862,156,870,0,0,0,0,496,514,
,0016,3F&3J,3301,1092,304,616,12,160,227,39,388,127,10,119,151,413,62,69,10,0,0,0,0,0,0,0,0,10,13,0,510,0,0,221,502,217,331,188,515,496,506,147,358,499,525,500,503,496,900,178,712,325,132,948,124,960,0,0,0,0,501,577,
,0017,4A&4J,1791,966,188,665,1,112,133,20,392,105,0,33,133,438,55,46,0,0,0,0,0,0,0,0,0,0,0,0,0,531,0,140,522,133,393,181,516,501,530,92,431,509,545,519,506,517,873,86,579,312,105,852,88,871,317,69,475,2,486,460,
,0018,4B&21,3295,1361,397,741,20,203,279,50,440,144,17,19,34,84,20,7,0,29,37,96,111,3,18,517,19,0,0,0,0,623,0,302,608,294,431,185,606,591,607,141,456,595,629,598,595,592,1181,166,916,340,203,1150,189,1166,442,77,314,1,485,415,
,0019,4C&4D,1890,1172,166,862,6,138,118,21,509,144,4,58,87,607,61,43,4,0,0,0,0,0,0,0,0,0,0,0,0,723,0,114,691,114,537,216,688,673,708,108,582,674,717,678,671,684,1083,83,668,395,79,1087,65,1101,306,110,672,5,601,540,
,0020,4E,1668,790,128,570,7,85,79,17,351,93,6,36,69,387,45,49,6,0,0,0,0,0,0,0,0,0,0,0,0,468,0,85,450,84,304,182,446,431,449,83,366,436,472,442,439,441,715,71,471,247,67,718,62,723,190,79,439,3,386,378,
,0021,4F&4I,1716,869,87,684,2,96,65,10,417,98,2,20,55,471,41,49,1,0,0,0,0,0,0,0,0,0,0,601,0,0,0,62,547,55,452,163,547,530,575,56,479,535,592,545,536,556,824,36,520,270,53,812,47,816,189,33,579,2,499,351,
,0022,4G&37,1380,812,228,485,6,93,172,22,307,76,5,43,149,298,38,44,3,5,1,6,2,0,0,25,2,0,0,0,0,410,0,174,394,170,281,136,398,387,395,78,303,387,408,387,388,391,719,90,497,263,117,692,91,719,263,167,264,1,396,352,
,0023,4H&4N,1496,860,218,528,3,111,157,23,312,92,2,71,120,359,41,43,2,0,0,0,0,0,0,0,0,0,0,0,0,444,0,151,439,147,334,119,439,429,437,78,329,428,447,429,431,430,764,85,524,257,97,756,87,770,289,66,413,1,481,361,
,0024,4K&4M,2720,1374,456,739,4,175,352,45,423,163,4,105,303,494,68,55,4,0,0,0,0,0,0,0,0,0,0,0,0,621,0,352,603,345,427,197,606,592,607,123,473,586,623,593,590,599,1202,160,896,389,241,1130,199,1167,588,145,502,2,702,640,
,0025,4L,1405,679,204,376,18,81,147,14,211,75,13,46,126,250,25,31,12,0,0,0,0,0,0,1,1,0,0,0,0,300,0,156,289,147,186,125,286,283,291,63,222,284,298,288,286,290,585,85,437,188,95,580,77,601,337,54,225,0,362,306,
,0026,4P&6G,2271,487,58,343,4,82,48,5,194,89,4,15,38,229,22,45,4,0,0,0,0,0,0,0,0,0,0,5,0,0,268,45,270,44,176,105,274,261,268,86,183,265,273,261,269,259,462,19,321,131,32,453,25,461,12,13,51,0,206,267,
,0027,5A&5M,2020,771,292,366,8,105,234,20,203,89,4,60,202,251,35,21,4,0,0,0,0,0,0,0,0,0,0,0,0,0,302,246,303,238,209,106,304,299,301,69,222,296,306,299,299,301,662,105,567,154,167,596,166,596,0,0,0,0,379,379,
,0028,5B,1082,427,131,220,3,73,86,16,125,41,3,32,81,137,16,19,3,0,0,0,0,0,0,0,0,0,0,0,0,0,174,103,171,102,108,78,175,171,177,41,117,172,181,174,170,171,361,65,291,109,58,369,60,367,0,0,0,0,205,221,
,0029,5C&5H,2459,1019,244,619,8,148,168,36,360,123,4,80,140,429,45,49,4,0,0,0,0,0,0,0,0,0,0,0,0,0,511,185,504,184,367,162,496,485,500,128,366,493,520,496,496,491,901,111,662,302,108,905,108,907,0,0,0,0,483,521,
,0030,5D,1530,517,180,256,4,77,129,21,144,53,4,42,121,162,24,31,4,0,0,0,0,0,0,0,0,0,0,0,0,0,202,146,208,139,141,74,211,200,211,52,143,205,213,205,204,200,453,55,343,133,101,414,66,450,0,0,0,0,246,256,
,0031,5E,1948,857,322,405,2,128,217,43,239,91,2,106,176,266,49,30,2,0,0,0,0,0,0,0,0,0,0,0,0,0,340,227,336,224,244,110,340,330,342,71,252,334,349,334,337,335,736,110,590,210,160,692,158,697,0,0,0,0,444,403,
,0032,5F,1751,809,237,437,9,126,172,28,239,112,7,64,146,295,37,41,7,0,0,0,0,0,0,0,0,0,0,0,0,0,363,181,361,176,254,123,368,361,364,81,275,355,376,362,361,363,708,94,541,217,100,702,90,717,0,0,0,0,420,373,
,0033,5G&5L&36&44,1754,785,291,393,10,91,210,36,221,82,7,64,197,245,40,39,7,0,0,0,0,0,0,0,0,0,0,0,0,84,240,237,316,222,231,107,320,315,339,60,245,312,338,319,313,325,686,87,532,192,138,641,154,624,0,0,0,0,244,179,
,0034,5I&5J,2647,871,261,464,6,140,198,27,271,94,6,60,174,302,32,55,6,0,0,0,0,0,0,0,0,0,0,0,0,0,369,207,369,206,264,137,374,357,375,76,287,361,375,367,361,362,769,98,583,224,113,755,101,762,0,0,0,0,442,411,
,0035,5K,1601,680,291,262,2,125,219,30,154,49,2,83,174,173,32,14,2,0,0,0,0,0,0,0,0,0,0,0,0,0,222,238,222,222,142,74,221,219,221,51,147,216,219,214,216,214,581,92,477,158,153,521,152,523,0,0,0,0,343,334,
,0036,6C&6H,2048,855,177,575,9,94,130,20,331,94,7,45,110,378,43,52,7,0,0,0,0,0,0,0,0,0,0,427,0,0,46,126,450,123,307,161,456,445,470,115,320,451,471,447,447,445,773,76,528,256,100,750,75,775,0,0,0,0,428,412,
,0037,6D&6E&6F&6I&6K&28&29,6898,1900,579,1030,21,270,410,74,597,226,18,170,346,685,97,90,18,0,0,0,0,0,0,0,0,180,220,132,0,0,484,443,825,429,578,302,836,808,853,190,627,819,862,832,822,821,1674,208,1277,500,292,1596,244,1646,0,0,0,0,635,642,
,0038,6J&25&34,4210,1743,800,719,9,215,597,73,397,179,5,186,530,462,85,57,5,0,0,0,0,0,0,0,0,122,98,0,0,0,486,616,587,592,405,183,591,582,586,122,444,576,597,584,582,579,1463,266,1225,424,338,1397,342,1394,0,0,0,0,585,487,
,0039,07,2184,900,522,273,11,94,366,73,151,69,7,0,0,0,0,0,0,37,43,133,214,8,13,221,7,0,0,0,0,232,0,379,215,379,159,78,220,220,223,58,160,219,224,222,218,220,696,192,655,196,198,695,173,716,0,0,0,0,0,0,
,0040,08,1726,673,400,189,8,76,297,37,120,37,8,0,0,0,0,0,0,35,45,108,150,3,11,161,8,0,0,0,0,162,0,286,161,282,86,73,160,160,160,37,121,158,166,162,162,160,516,149,494,155,180,490,153,514,0,0,0,0,0,0,
,0041,09&10&11&12,3833,1235,750,355,9,121,602,68,205,101,6,0,0,0,0,0,0,66,71,262,238,11,34,304,6,667,313,0,0,0,0,624,297,615,178,142,296,298,304,85,217,301,306,298,301,299,997,229,963,236,283,941,225,1001,0,0,0,0,0,0,
,0042,15&17&40,3972,1249,537,550,27,135,396,63,288,171,22,0,0,0,0,0,0,58,35,163,207,7,16,462,20,277,326,0,0,154,0,401,460,399,287,187,459,448,457,130,318,449,468,456,455,451,1076,162,874,320,219,1029,190,1052,0,0,0,0,0,0,
,0043,16&39,3574,1259,737,361,17,144,561,70,184,111,13,0,0,0,0,0,0,67,68,252,256,8,17,294,13,555,290,0,0,28,0,582,299,572,220,90,294,297,311,83,211,303,308,306,296,299,1003,241,953,259,340,913,289,962,0,0,0,0,0,0,
,0044,18&19,1278,555,278,220,2,55,192,25,110,70,1,0,0,0,0,0,0,20,34,87,94,1,9,191,1,0,0,0,0,204,0,183,190,179,138,58,190,187,193,37,140,188,200,192,190,190,479,73,395,130,127,426,87,460,0,0,0,0,0,0,
,0045,22&45,1988,516,145,287,6,78,105,23,181,58,5,3,3,13,1,2,0,16,10,43,44,2,8,229,5,50,127,0,15,104,0,118,244,118,136,112,244,238,242,73,174,238,252,241,240,241,430,85,335,164,72,442,71,439,0,0,0,0,0,0,
,0046,23&41,2282,794,244,435,10,105,181,33,254,96,8,85,132,277,53,39,7,0,0,0,0,0,0,0,0,186,314,0,54,0,0,190,359,190,215,147,361,353,358,100,242,353,368,357,355,351,689,99,540,221,108,683,94,694,0,0,0,0,0,0,
,0047,24&33,2234,799,325,361,4,109,254,43,217,99,4,97,200,234,49,44,4,0,0,0,0,0,0,0,0,273,303,0,0,0,0,259,301,250,199,119,308,301,302,74,233,302,312,303,306,302,666,125,547,226,120,677,122,676,0,0,0,0,0,0,
,0048,26,1594,645,243,276,9,117,180,28,166,43,7,62,157,172,31,22,7,0,0,0,0,0,0,0,0,173,183,0,0,0,46,178,219,172,158,70,219,219,220,40,168,214,232,222,219,220,553,87,440,162,94,550,113,530,0,0,0,0,0,0,
,0049,27,1970,803,285,404,7,107,220,26,238,93,6,64,195,267,42,36,6,0,0,0,0,0,0,0,0,238,307,0,0,7,23,234,334,233,224,113,339,335,335,106,220,330,342,329,331,332,688,109,580,187,153,647,151,647,0,0,0,0,0,0,
,0050,30&35&43,3658,1472,721,518,19,214,534,74,297,121,15,203,425,348,47,44,16,0,0,0,0,0,0,0,0,588,431,0,0,0,0,547,420,536,275,166,424,415,427,103,305,422,441,418,415,417,1247,210,1020,368,279,1185,266,1199,0,0,0,0,0,0,
,0051,31&32&42,3926,1547,806,557,22,162,595,83,348,110,17,216,489,383,58,36,18,0,0,0,0,0,0,0,0,630,486,0,0,0,0,578,467,573,302,188,464,458,469,127,314,460,472,457,463,457,1305,224,1105,348,329,1212,293,1246,0,0,0,0,0,0,
,0052,38,1736,753,340,330,9,74,239,37,175,97,9,0,0,0,0,0,0,31,43,100,116,11,3,282,9,0,0,0,0,287,0,254,270,243,166,109,269,265,272,52,216,265,272,268,268,269,653,93,533,171,148,598,136,609,0,0,0,0,0,0,
,0053,FEDERAL STATE,0,0,0,0,0,0,0,0,0,0,0,0,0,0,0,0,0,0,0,0,0,0,0,0,0,0,0,0,0,0,0,0,0,0,0,0,0,0,0,0,0,0,0,0,0,0,0,0,0,0,0,0,0,0,0,0,0,0,0,0,
,ZZZ,COUNTY TOTALS,128224,46384,15243,24588,455,6098,11196,1729,14302,5183,358,3028,6604,13816,1946,1916,261,406,408,1356,1516,55,137,2943,96,3976,3428,3139,3918,5891,4100,11577,19907,11306,13364,7539,20059,19549,20176,4769,14719,19644,20587,19747,19680,19718,40070,5869,31140,12358,7055,39088,6303,39825,2933,813,3934,17,15071,14987,